title,rating,category,address,Postal Code,website,phoneNumber,monday,tuesday,wednesday,thursday,friday,saturday,sunday,imgUrl,placeUrl,latitude,longitude,,
Jurong West ActiveSG Sports Centre,4.3,Sports complex,"20 Jurong West Street 93, Singapore 648965",648965,https://www.myactivesg.com/facilities/jurong-west-sports-centre,+65 6515 5331,,,,,,,,https://lh5.googleusercontent.com/p/AF1QipOruK9lNCH3uQo-MwYLHQAJJvimoCeaZvYCCXt0=w408-h306-k-no,https://www.google.com/maps/place/Jurong+West+ActiveSG+Sports+Centre/data=!4m7!3m6!1s0x31da0f9a82bb0513:0xd375d9c4ac268de2!8m2!3d1.3378059!4d103.6941925!16s%2Fm%2F0640rwc!19sChIJEwW7gpoP2jER4o0mrMTZddM,1.3378125,103.6941875,1,1
Ngee Ann Sports Complex,4.4,Sports complex,"535 Clementi Rd, Singapore 599489",599489,np.edu.sg,+65 6466 6555,Open 24 hours,Closed,Closed,Closed,Closed,Closed,8a.m.–8p.m.,https://lh5.googleusercontent.com/p/AF1QipO1diZF6ul7qg0TiixaDPmDcOOCDmaBHk-5lOA5=w408-h306-k-no,https://www.google.com/maps/place/Ngee+Ann+Sports+Complex/data=!4m7!3m6!1s0x31da1087de7d5255:0x2925fd3a198bf2!8m2!3d1.3356635!4d103.776741!16s%2Fg%2F1261q22w4!19sChIJVVJ93ocQ2jER8osZOv0lKQA,1.3356875,103.7766875,1,1
Bukit Gombak ActiveSG Sport Centre,4.3,Sports complex,"810 Bukit Batok West Ave. 5, Singapore 659088",659088,https://www.myactivesg.com/facilities/bukit-gombak-sports-centre,+65 6896 2193,7a.m.–9:30p.m.,7a.m.–9:30p.m.,7a.m.–9:30p.m.,7a.m.–9:30p.m.,7a.m.–9:30p.m.,7a.m.–9:30p.m.,7a.m.–9:30p.m.,https://lh5.googleusercontent.com/p/AF1QipPd978HjwN6hY23wQmsrnJ8wPpMxEWYmdcl_d5U=w408-h240-k-no-pi-31.145308-ya13.715322-ro8.915171-fo100,https://www.google.com/maps/place/Bukit+Gombak+ActiveSG+Sport+Centre/data=!4m7!3m6!1s0x31da1049fe5d272b:0x587ee1040d846383!8m2!3d1.359667!4d103.752228!16s%2Fg%2F11g6xqyb72!19sChIJKydd_kkQ2jERg2OEDQThflg,1.3596875,103.7521875,1,1
Clementi ActiveSG Sports Centre,4.1,Sports complex,"518 Clementi Ave 3, Clementi Sports Hall, Sports Complex, Singapore 129907",129907,https://www.myactivesg.com/facilities/clementi-sports-centre,+65 6776 2560,7a.m.–10p.m.,7a.m.–10p.m.,7a.m.–10p.m.,7a.m.–10p.m.,7a.m.–10p.m.,7a.m.–10p.m.,7a.m.–10p.m.,https://lh5.googleusercontent.com/p/AF1QipN6VMKxq2-WCqqV3DkfrThoL7zEMfO4zYU8GHl5=w426-h240-k-no,https://www.google.com/maps/place/Clementi+ActiveSG+Sports+Centre/data=!4m7!3m6!1s0x31da1a8d98421381:0x511ab103d397a8b1!8m2!3d1.311074!4d103.765017!16s%2Fg%2F1x6p_8sf!19sChIJgRNCmI0a2jERsaiX0wOxGlE,1.3110625,103.7650625,1,1
Choa Chu Kang ActiveSG Sports Centre,4.1,Sports complex,"1 Choa Chu Kang Street 53, Singapore 689236",689236,https://www.myactivesg.com/facilities/choa-chu-kang-sports-centre,+65 6767 1735,7a.m.–10p.m.,7a.m.–10p.m.,7a.m.–10p.m.,7a.m.–10p.m.,7a.m.–10p.m.,7a.m.–10p.m.,7a.m.–10p.m.,https://lh5.googleusercontent.com/p/AF1QipOu8h4qhZpRYsFqm60MsG7vWvkK-2NgKF21NPyx=w408-h306-k-no,https://www.google.com/maps/place/Choa+Chu+Kang+ActiveSG+Sports+Centre/data=!4m7!3m6!1s0x31da11edb9fd65fd:0x870202202748aef3!8m2!3d1.3910416!4d103.7481531!16s%2Fg%2F1w8w7j3n!19sChIJ_WX9ue0R2jER865IJyACAoc,1.3910625,103.7481875,1,1
Singapore Polytechnic Sports Complex,,Sports complex,"500 Dover Rd, Singapore 139651",139651,,,8a.m.–9p.m.,8a.m.–9p.m.,8a.m.–9p.m.,8a.m.–9p.m.,8a.m.–9p.m.,8a.m.–9p.m.,8a.m.–9p.m.,https://streetviewpixels-pa.googleapis.com/v1/thumbnail?panoid=__g0_bgyEViB-yT5LFSdtw&cb_client=search.gws-prod.gps&w=408&h=240&yaw=59.39496&pitch=0&thumbfov=100,https://www.google.com/maps/place/Singapore+Polytechnic+Sports+Complex/data=!4m7!3m6!1s0x31da1b0a143d7925:0xbe0e90a637ae6cfe!8m2!3d1.309163!4d103.7751244!16s%2Fg%2F11h1lqz4z7!19sChIJJXk9FAob2jER_myuN6aQDr4,1.3091875,103.7750625,1,1
Jurong East Sports Centre,4.2,Sports complex,"21 Jurong East Street 31, Singapore 609517",609517,https://www.myactivesg.com/facilities/jurong-east-sports-centre,+65 6563 5052,,,,,,,,https://lh5.googleusercontent.com/p/AF1QipNAv6GQAvEpwktun8qi-mH2XYb2Wqx1eSm48Mo=w408-h306-k-no,https://www.google.com/maps/place/Jurong+East+Sports+Centre/data=!4m7!3m6!1s0x31da10200aaf70d9:0x9cbffa36f037cc35!8m2!3d1.346998!4d103.729109!16s%2Fg%2F11r_p9246!19sChIJ2XCvCiAQ2jERNcw38Db6v5w,1.3469375,103.7290625,1,1
Bishan ActiveSG Sports Centre,4.1,Sports complex,"5 Bishan Street 14, Singapore 579783",579783,https://www.myactivesg.com/facilities/bishan-sports-centre,+65 6352 6631,7a.m.–9:30p.m.,7a.m.–9:30p.m.,7a.m.–9:30p.m.,7a.m.–9:30p.m.,7a.m.–9:30p.m.,7a.m.–9:30p.m.,7a.m.–9:30p.m.,https://lh5.googleusercontent.com/p/AF1QipNLCZZe1g99GXOOwmX1J36vSMG7f2atj4EPR44f=w431-h240-k-no,https://www.google.com/maps/place/Bishan+ActiveSG+Sports+Centre/data=!4m7!3m6!1s0x31da171a1ea97e09:0xe686d1bd812a620e!8m2!3d1.3555048!4d103.8509503!16s%2Fg%2F11c70cpz_n!19sChIJCX6pHhoX2jERDmIqgb3RhuY,1.3555625,103.8509375,1,2
MOE (Evans) ActiveSG Sports Hall,4.2,Sports complex,"21 Evans Rd, Singapore 259366",259366,https://www.myactivesg.com/Facilities/moe-evans-sports-hall,+65 6468 8393,6–10p.m.,6–10p.m.,6–10p.m.,6–10p.m.,6–10p.m.,2–10p.m.,8a.m.–10p.m.,https://lh5.googleusercontent.com/p/AF1QipNKL0_OMFd4VZP0tTZ19jyPy31qJL_nx-dLE-Iy=w408-h306-k-no,https://www.google.com/maps/place/MOE+(Evans)+ActiveSG+Sports+Hall/data=!4m7!3m6!1s0x31da1b6aa6ce81d7:0x93fbca1a125500c6!8m2!3d1.3185662!4d103.8186802!16s%2Fg%2F11g1y1k687!19sChIJ14HOpmob2jERxgBVEhrK-5M,1.3185625,103.8186875,1,1
Yio Chu Kang Sports And Recreation Centre,,Sports complex,"214 Ang Mo Kio Ave 9, Singapore 569780",569780,https://www.myactivesg.com/facilities/yio-chu-kang-sports-centre,,8a.m.–8:30p.m.,8a.m.–8:30p.m.,8a.m.–8:30p.m.,8a.m.–8:30p.m.,8a.m.–8:30p.m.,8a.m.–8:30p.m.,8a.m.–8:30p.m.,https://streetviewpixels-pa.googleapis.com/v1/thumbnail?panoid=OZmH7u596Y4WeIBC2HMB5Q&cb_client=search.gws-prod.gps&w=408&h=240&yaw=173.4522&pitch=0&thumbfov=100,https://www.google.com/maps/place/Yio+Chu+Kang+Sports+And+Recreation+Centre/data=!4m7!3m6!1s0x31da169543d8408b:0xb5c33b3f717a439f!8m2!3d1.383762!4d103.845894!16s%2Fg%2F11fnwhj_h7!19sChIJi0DYQ5UW2jERn0N6cT87w7U,1.3838125,103.8459375,1,1
Toa Payoh ActiveSG Sports Hall,4.1,Sports complex,"297 Lor 6 Toa Payoh, Singapore 319389",319389,https://www.myactivesg.com/facilities/toa-payoh-sports-centre,+65 6259 2916,7a.m.–10p.m.,7a.m.–10p.m.,7a.m.–10p.m.,7a.m.–10p.m.,7a.m.–10p.m.,7a.m.–10p.m.,7a.m.–10p.m.,https://lh5.googleusercontent.com/p/AF1QipMQyaImKePy1vvGPOLkXecKAUHstRYiO5TLkoUC=w425-h240-k-no,https://www.google.com/maps/place/Toa+Payoh+ActiveSG+Sports+Hall/data=!4m7!3m6!1s0x31da1763e9258347:0x9f7dcd0b3ef1f9f8!8m2!3d1.3305324!4d103.8515678!16s%2Fm%2F0642fbj!19sChIJR4Ml6WMX2jER-PnxPgvNfZ8,1.3305625,103.8515625,1,2
Ngee Ann Kongsi Sports Complex,3,Sports complex,"1 Technology Dr, Singapore 138572",138572,https://thengeeannkongsi.com.sg/en/about-us/,,7a.m.–6p.m.,7a.m.–6p.m.,7a.m.–6p.m.,7a.m.–6p.m.,7a.m.–5:30p.m.,Closed,Closed,https://lh5.googleusercontent.com/p/AF1QipP-cu7_pNpkt4svaIo7JjP1CsyUYCezSI4umBxC=w408-h544-k-no,https://www.google.com/maps/place/Ngee+Ann+Kongsi+Sports+Complex/data=!4m7!3m6!1s0x31da1b0f1e4ea6af:0x1ce7223582c01fa4!8m2!3d1.3130071!4d103.7727634!16s%2Fg%2F11f9c_q52n!19sChIJr6ZOHg8b2jERpB_AgjUi5xw,1.3130625,103.7728125,1,1
Sports & Recreation Centre,3.3,Sports complex,"810 Bukit Batok East Ave 5, Bukit Gombak Stadium, Singapore 659081",659081,,+65 6896 2194,7a.m.–10p.m.,8a.m.–10p.m.,7a.m.–10p.m.,8a.m.–10p.m.,7a.m.–10p.m.,8a.m.–10p.m.,9a.m.–10p.m.,https://lh5.googleusercontent.com/p/AF1QipOUtIx1E1gI2SVvXUjWLXjB3js9ZUtMPn8iGi-1=w426-h240-k-no,https://www.google.com/maps/place/Sports+%26+Recreation+Centre/data=!4m7!3m6!1s0x31da1047acdd4e5d:0x54c208d392c3636d!8m2!3d1.3592227!4d103.7518537!16s%2Fg%2F1ts3hqj8!19sChIJXU7drEcQ2jERbWPDktMIwlQ,1.3591875,103.7518125,1,1
Woodlands ActiveSG Sports Centre,4.1,Sports complex,"2 Woodlands Street 12, Singapore 738599",738599,https://www.myactivesg.com/facilities/woodlands-sports-centre,+65 6362 9100,,,,,,,,https://lh5.googleusercontent.com/p/AF1QipMyN2nhF7MOt3nLFCYGEqDtIvgxOMuUSMSVNW_Z=w408-h306-k-no,https://www.google.com/maps/place/Woodlands+ActiveSG+Sports+Centre/data=!4m7!3m6!1s0x31da13ac03679857:0x934ab4dbc0023ea8!8m2!3d1.434104!4d103.779798!16s%2Fg%2F1thptbmx!19sChIJV5hnA6wT2jERqD4CwNu0SpM,1.4340625,103.7798125,1,1
Yishun Sports Hall,4.1,Sports complex,"101 Yishun Ave 1, Singapore 769130",769130,https://www.myactivesg.com/facilities/yishun-sports-hall,+65 6851 8600,7a.m.–10p.m.,7a.m.–10p.m.,7a.m.–10p.m.,7a.m.–10p.m.,7a.m.–10p.m.,7a.m.–10p.m.,7a.m.–10p.m.,https://lh5.googleusercontent.com/p/AF1QipNVGuc1KIxk4drzBSj7T5Gm5Jpnfrjo8eaYPSxg=w408-h306-k-no,https://www.google.com/maps/place/Yishun+Sports+Hall/data=!4m7!3m6!1s0x31da140f9796e8e3:0xeae3f21372dddb6e!8m2!3d1.4120977!4d103.8313295!16s%2Fg%2F1ptxrkthg!19sChIJ4-iWlw8U2jERbtvdchPy4-o,1.4120625,103.8313125,1,1
Basketball Court,3.5,Sports complex,"Boon Lay Ave, Block 187, Singapore 640187",640187,,,,,,,,,,https://lh5.googleusercontent.com/p/AF1QipP9Kz9KWFc0t49paxzHiltg8Ett-e09ZPolq8ii=w408-h306-k-no,https://www.google.com/maps/place/Basketball+Court/data=!4m7!3m6!1s0x31da0fed81d37627:0x218d18fe465020ea!8m2!3d1.3455097!4d103.7101509!16s%2Fg%2F11f8cl94hr!19sChIJJ3bTge0P2jER6iBQRv4YjSE,1.3455625,103.7101875,1,1
ACJC Sports Complex,4.1,Sports complex,"25 Dover Close E, Singapore 139745",139745,https://www.apsswim.com/locations,+65 6777 5823,,,,,,,,https://lh5.googleusercontent.com/p/AF1QipMk-0dl67JFM-H7rggzDChnQlxQO1dVy_RaDGGI=w408-h306-k-no,https://www.google.com/maps/place/ACJC+Sports+Complex/data=!4m7!3m6!1s0x31da1a5b60f8e591:0x7214b4350fbd1a0d!8m2!3d1.301924!4d103.7863617!16s%2Fg%2F1ptwm8mdd!19sChIJkeX4YFsa2jERDRq9DzW0FHI,1.3019375,103.7863125,2,1
Yio Chu Kang ActiveSG Sports Hall,4.2,Sports complex,"200 Ang Mo Kio Ave 9, Singapore 569770",569770,https://www.myactivesg.com/facilities/yio-chu-kang-sports-hall,+65 6482 4980,7a.m.–10p.m.,7a.m.–10p.m.,7a.m.–10p.m.,7a.m.–10p.m.,7a.m.–10p.m.,7a.m.–10p.m.,7a.m.–10p.m.,https://lh5.googleusercontent.com/p/AF1QipNRXjUZoYpo6Oupip_2ITHfWzgMGFgPPfALz7Ng=w408-h305-k-no,https://www.google.com/maps/place/Yio+Chu+Kang+ActiveSG+Sports+Hall/data=!4m7!3m6!1s0x31da169544079377:0x369430ff339175b6!8m2!3d1.3835302!4d103.8460471!16s%2Fg%2F11c6v2559n!19sChIJd5MHRJUW2jERtnWRM_8wlDY,1.3835625,103.8460625,1,1
NUS High School Indoor Sports Hall,4,Sports complex,"20 Clementi Ave 1, Singapore 129957",129957,,,,,,,,,,https://streetviewpixels-pa.googleapis.com/v1/thumbnail?panoid=RJRY50_yTBLqhXlN2mEkSQ&cb_client=search.gws-prod.gps&w=408&h=240&yaw=155.14365&pitch=0&thumbfov=100,https://www.google.com/maps/place/NUS+High+School+Indoor+Sports+Hall/data=!4m7!3m6!1s0x31da1b69544b149b:0xaeeabcf0c54f8910!8m2!3d1.3074998!4d103.7699191!16s%2Fg%2F11sx7js8lx!19sChIJmxRLVGkb2jEREIlPxfC86q4,1.3074375,103.7699375,1,1
St Wilfred ActiveSG Sports Centre,4.3,Sports complex,"3 St Wilfred Rd, Singapore 327920",327920,https://www.myactivesg.com/facilities/st-wilfred-field,+65 6293 3452,7a.m.–9p.m.,7a.m.–9p.m.,7a.m.–9p.m.,7a.m.–9p.m.,7a.m.–9p.m.,7a.m.–9p.m.,7a.m.–9p.m.,https://lh5.googleusercontent.com/p/AF1QipPiVYjnbktsuU_yqtd_y5DBOF5aZJZDCEUBggze=w408-h306-k-no,https://www.google.com/maps/place/St+Wilfred+ActiveSG+Sports+Centre/data=!4m7!3m6!1s0x31da19d60fa2a7a3:0xc8b704ca952d7dec!8m2!3d1.3253605!4d103.8617278!16s%2Fg%2F11bwpzd_xd!19sChIJo6eiD9YZ2jER7H0tlcoEt8g,1.3253125,103.8616875,1,1
HometeamNS Adventure Centre,4.2,Adventure sports center,"2 Bukit Batok West Ave 7, Singapore 659003",659003,hometeamns.sg,+65 6705 9475,Open 24 hours,Open 24 hours,Open 24 hours,Open 24 hours,Open 24 hours,Open 24 hours,Open 24 hours,https://lh5.googleusercontent.com/p/AF1QipOq33sSdCKPt6v_J7MhQedlNeZjSAGu-nZzGID-=w426-h240-k-no,https://www.google.com/maps/place/HometeamNS+Adventure+Centre/data=!4m7!3m6!1s0x31da11cc9ef7e02f:0x24a772e840c77c25!8m2!3d1.3665062!4d103.7461871!16s%2Fg%2F11c5blr1x6!19sChIJL-D3nswR2jERJXzHQOhypyQ,1.3665625,103.7461875,1,1
Sports Schooling Centre for Movement,,Sports complex,"11 Slim Barracks Rise, #04-01, Singapore 138664",138664,sports-schooling.com,+65 8123 6480,,,,,,,,https://lh5.googleusercontent.com/p/AF1QipOE-GPkA9yyZJkc5Br5af87x9adk4gjQteWc7LT=w408-h306-k-no,https://www.google.com/maps/place/Sports+Schooling+Centre+for+Movement/data=!4m7!3m6!1s0x31da1b68cd2c9743:0x27ebab98122087c7!8m2!3d1.3038359!4d103.7897048!16s%2Fg%2F11s9jvw8x4!19sChIJQ5cszWgb2jERx4cgEpir6yc,1.3038125,103.7896875,1,1
Golazo Futsal Singapore,4.6,Futsal court,"21 Jurong West Street 23, Singapore 648196",648196,golazo.com.sg,+65 6794 6625,9a.m.–3a.m.,9a.m.–3a.m.,9a.m.–3a.m.,9a.m.–3a.m.,9a.m.–3a.m.,9a.m.–3a.m.,9a.m.–3a.m.,https://lh5.googleusercontent.com/p/AF1QipPMLGnwW3R7suQXnaGh7q9Ng8qVMeYRwpBwLcZ4=w408-h306-k-no,https://www.google.com/maps/place/Golazo+Futsal+Singapore/data=!4m7!3m6!1s0x31da0fc70da8f33d:0xe04105024cb2a58!8m2!3d1.352632!4d103.707391!16s%2Fg%2F11c60crz9l!19sChIJPfOoDccP2jERWCrLJFAQBA4,1.3526875,103.7074375,1,1
Elite Coach Sports Academy,5,Fitness center,"191 thomson road Goldhill Shopping Centre, Corner unit 191B, 3rd Floor (Above SuperCuts Exit United Square, 20m from Novena MRT, Goldhill Plaza, Parking, Singapore 307632",307632,https://elitecoach.com.sg/,+65 8112 9162,7a.m.–10p.m.,7a.m.–10p.m.,7a.m.–10p.m.,7a.m.–10p.m.,7a.m.–10p.m.,7a.m.–10p.m.,7a.m.–10p.m.,https://lh5.googleusercontent.com/p/AF1QipPP-P4v2XjcKLvznGUFxMCOBsmxZ7VndoXZlNWK=w408-h272-k-no,https://www.google.com/maps/place/Elite+Coach+Sports+Academy/data=!4m7!3m6!1s0x31da19783fcde1d7:0x82fb153320c48953!8m2!3d1.3186753!4d103.8434759!16s%2Fg%2F12mkw96ms!19sChIJ1-HNP3gZ2jERU4nEIDMV-4I,1.3186875,103.8434375,2,1
ActiveSG Park @ Jurong Lake Gardens,4.5,Sports complex,"30 Yuan Ching Rd, Singapore 618664",618664,myactivesg.com,+65 6970 1619,7a.m.–10p.m.,7a.m.–10p.m.,7a.m.–10p.m.,7a.m.–10p.m.,7a.m.–10p.m.,7a.m.–10p.m.,7a.m.–10p.m.,https://lh5.googleusercontent.com/p/AF1QipPF5cC5az30-h-P7XitCwQcFzev3eCRjeZq8PER=w408-h272-k-no,https://www.google.com/maps/place/ActiveSG+Park+@+Jurong+Lake+Gardens/data=!4m7!3m6!1s0x31da0f2e659d9267:0x14cad1b21523ac26!8m2!3d1.3303597!4d103.7255906!16s%2Fg%2F11fl0bl9rp!19sChIJZ5KdZS4P2jERJqwjFbLRyhQ,1.3303125,103.7255625,1,1
Sengkang Sports Centre,4.3,Sports complex,"57 Anchorvale Rd, Singapore 544964",544964,https://www.myactivesg.com/facilities/sengkang-sports-centre,+65 6315 3576,,,,,,,,https://lh5.googleusercontent.com/p/AF1QipMqZ25_SSW_wmAUNEmu5ke5jChwgvmeIuYs6Og-=w426-h240-k-no,https://www.google.com/maps/place/Sengkang+Sports+Centre/data=!4m7!3m6!1s0x31da1673f0d84aed:0x82745e6e60858bde!8m2!3d1.3964799!4d103.8868403!16s%2Fm%2F02z165f!19sChIJ7UrY8HMW2jER3ouFYG5edII,1.3964375,103.8868125,1,1
Sports Lifestyle Centre,3.8,Swimming school,"3500A Bukit Merah Central, Singapore 159837",159837,sportslifestyle.com.sg,+65 6100 0754,9a.m.–9p.m.,9a.m.–7p.m.,9a.m.–9p.m.,9a.m.–7p.m.,9a.m.–7p.m.,9a.m.–7p.m.,9a.m.–7p.m.,https://lh5.googleusercontent.com/p/AF1QipMxdfo7izRg-O_3-vYuaejLt1ZAjXpUi7GgTVXD=w408-h306-k-no,https://www.google.com/maps/place/Sports+Lifestyle+Centre/data=!4m7!3m6!1s0x31da1bd71d6f7871:0x9944f20dd9f16861!8m2!3d1.2821796!4d103.8180726!16s%2Fg%2F1pt_s7csc!19sChIJcXhvHdcb2jERYWjx2Q3yRJk,1.2821875,103.8180625,1,1
SAFRA Jurong,4.2,Recreation center,"333 Boon Lay Way, Singapore 649848",649848,safra.sg,+65 6686 4333,,,,,,,,https://lh5.googleusercontent.com/p/AF1QipP77GUgwKfkptXG-TUOXo3VvL6cfmZ9uzY-DyZR=w408-h273-k-no,https://www.google.com/maps/place/SAFRA+Jurong/data=!4m7!3m6!1s0x31da0ff2b432a6cb:0x111f72b021de7cff!8m2!3d1.335065!4d103.7062804!16s%2Fg%2F1vg4g9cl!19sChIJy6YytPIP2jER_3zeIbByHxE,1.3350625,103.7063125,1,1
SAFRA Yishun,4.2,Recreation center,"60 Yishun Ave 4, Singapore 769027",769027,https://www.safra.sg/clubs/yishun,+65 6852 8200,,,,,,,,https://lh5.googleusercontent.com/p/AF1QipNWhNAeov7LfH5yi-CssdNAJFWQ5MLSscDfWdHK=w408-h277-k-no,https://www.google.com/maps/place/SAFRA+Yishun/data=!4m7!3m6!1s0x31da146be774be5b:0xf0948ab951c39281!8m2!3d1.4241052!4d103.8407026!16s%2Fg%2F1tfc8pyj!19sChIJW75052sU2jERgZLDUbmKlPA,1.4240625,103.8406875,1,1
Hougang ActiveSG Sports Centre,4.1,Sports complex,"93 Hougang Ave 4, Singapore 538832",538832,https://www.myactivesg.com/facilities/hougang-sports-centre,+65 6315 8671,7a.m.–10p.m.,7a.m.–10p.m.,7a.m.–10p.m.,7a.m.–10p.m.,7a.m.–10p.m.,7a.m.–10p.m.,7a.m.–10p.m.,https://lh5.googleusercontent.com/p/AF1QipPHDl5LvI-luHSvqjygrFstsZPh8yrIVlLHla-c=w426-h240-k-no,https://www.google.com/maps/place/Hougang+ActiveSG+Sports+Centre/data=!4m7!3m6!1s0x31da1648fe5e7391:0x7686183783cb075!8m2!3d1.3706138!4d103.8885266!16s%2Fg%2F1ptyqn_7q!19sChIJkXNe_kgW2jERdbA8eINhaAc,1.3705625,103.8885625,1,1
Queenstown ActiveSG Stadium,4.2,Stadium,"473A Stirling Rd, Singapore 148949",148949,https://www.myactivesg.com/facilities/queenstown-stadium,+65 6473 7269,,,,,,,,https://lh5.googleusercontent.com/p/AF1QipPoyFyVmpZijgDasYpgbGDpAkJAsZGU3XtebvfQ=w408-h306-k-no,https://www.google.com/maps/place/Queenstown+ActiveSG+Stadium/data=!4m7!3m6!1s0x31da1a36e3ec3741:0xd07b93011ae7e79d!8m2!3d1.2958256!4d103.8024525!16zL20vMDlnXzZq!19sChIJQTfs4zYa2jERnefnGgGTe9A,1.2958125,103.8024375,1,1
Smash Arena SG Badminton Hall,4.9,Badminton complex,"511, Block B Upper Jurong Rd, Level 2 D’Arena Country Club, Singapore 638366",638366,https://smasharena.sg/,+65 8922 8465,9a.m.–1a.m.,9a.m.–1a.m.,9a.m.–1a.m.,9a.m.–1a.m.,9a.m.–1a.m.,8a.m.–1a.m.,8a.m.–1a.m.,https://lh5.googleusercontent.com/p/AF1QipPCRCclChS5a_20FYGX70R-nNJjqR3JtXwD3H4E=w408-h272-k-no,https://www.google.com/maps/place/Smash+Arena+SG+Badminton+Hall/data=!4m7!3m6!1s0x31da0fa965c60759:0x7bdedb80a1f2a1d7!8m2!3d1.3295857!4d103.6814422!16s%2Fg%2F11n8vt8vt_!19sChIJWQfGZakP2jER16HyoYDb3ns,1.3295625,103.6814375,1,1
Punggol Regional Sports Centre (U/C),4.5,Sports complex,"11 Sentul Cres, Singapore 828656",828656,,,,,,,,,,https://lh5.googleusercontent.com/p/AF1QipODhP32eo-TDop9qwYsIxFgG8N-mq59ZZ7rfWP-=w408-h306-k-no,https://www.google.com/maps/place/Punggol+Regional+Sports+Centre+(U%2FC)/data=!4m7!3m6!1s0x31da1573e080c299:0xd65a7a4c98a86499!8m2!3d1.4084829!4d103.9067354!16s%2Fg%2F11ptncv7rn!19sChIJmcKA4HMV2jERmWSomEx6WtY,1.4084375,103.9066875,1,1
OCBC Arena,4.5,Sports complex,"5 Stadium Dr, Singapore 397631",397631,https://www.sportshub.com.sg/indoor,+65 6653 8900,7a.m.–10p.m.,7a.m.–10p.m.,7a.m.–10p.m.,7a.m.–10p.m.,7a.m.–10p.m.,7a.m.–10p.m.,7a.m.–10p.m.,https://lh5.googleusercontent.com/p/AF1QipOIixWyeWmSL9pZCL21p_mtT0XFGruMuBffBB53=w408-h306-k-no,https://www.google.com/maps/place/OCBC+Arena/data=!4m7!3m6!1s0x31da18491ad8d13b:0x4ad78a997527cf17!8m2!3d1.3045026!4d103.8760606!16s%2Fg%2F11bbt6xj04!19sChIJO9HYGkkY2jERF88ndZmK10o,1.3045625,103.8760625,1,1
Crossfire,4.4,Paintball center,"510 Upper Jurong Rd, Singapore 638365",638365,https://www.sdc.com.sg/crossfire-paintball/,+65 6792 6188,Closed,9a.m.–6p.m.,9a.m.–6p.m.,9a.m.–6p.m.,9a.m.–6p.m.,9a.m.–6p.m.,9a.m.–6p.m.,https://lh5.googleusercontent.com/p/AF1QipMESrMY-MDuylN4l4MonDvert-xfWisawbN55I=w408-h306-k-no,https://www.google.com/maps/place/Crossfire/data=!4m7!3m6!1s0x31da1a5cb2b7f505:0x5cebafd6b8f01218!8m2!3d1.3326829!4d103.6789495!16s%2Fg%2F11b6c9_51g!19sChIJBfW3slwa2jERGBLwuNav61w,1.3326875,103.6789375,2,1
Delta Sports Hall,4,Sports complex,"142-143 Alexandra Rd, Singapore 159924",159924,https://www.myactivesg.com/facilities/delta-sports-centre,+65 6471 9030,7a.m.–9:30p.m.,7a.m.–9:30p.m.,7a.m.–9:30p.m.,7a.m.–9:30p.m.,7a.m.–9:30p.m.,7a.m.–9:30p.m.,7a.m.–9:30p.m.,https://lh5.googleusercontent.com/p/AF1QipMWC3dw1Mnk6fQ7eLuu3vllqGvymE7RXrWb3GPb=w408-h306-k-no,https://www.google.com/maps/place/Delta+Sports+Hall/data=!4m7!3m6!1s0x31da1a2a9071da1b:0xe9cb4213839b2b4b!8m2!3d1.2908736!4d103.8208578!16s%2Fg%2F11g6xs794n!19sChIJG9pxkCoa2jERSyubgxNCy-k,1.2908125,103.8208125,1,1
Fitness station,,Fitness center,"274A Jurong West Ave 3, Block 274A, Singapore 641274",641274,,,,,,,,,,https://streetviewpixels-pa.googleapis.com/v1/thumbnail?panoid=A-sqJyxcks0AluJIN5poGQ&cb_client=search.gws-prod.gps&w=408&h=240&yaw=340.30826&pitch=0&thumbfov=100,https://www.google.com/maps/place/Fitness+station/data=!4m7!3m6!1s0x31da0f9ef1b84225:0x719ee04fb806662a!8m2!3d1.3524633!4d103.7034209!16s%2Fg%2F11nn07zsqw!19sChIJJUK48Z4P2jERKmYGuE_gnnE,1.3524375,103.7034375,1,1
SUTD Sports and Recreation Centre,4.5,Sports complex,"61 Changi South Ave 1, Singapore 485997",485997,sutd.edu.sg,+65 6499 8927,7a.m.–10p.m.,7a.m.–10p.m.,7a.m.–10p.m.,7a.m.–10p.m.,7a.m.–10p.m.,8a.m.–7p.m.,8a.m.–7p.m.,https://lh5.googleusercontent.com/p/AF1QipN-p3ZAmJLMedrj1glQRRnHbIHxkLSc1v_8v4u2=w408-h306-k-no,https://www.google.com/maps/place/SUTD+Sports+and+Recreation+Centre/data=!4m7!3m6!1s0x31da3cdeedc3a5b3:0x3656ee01b871ed49!8m2!3d1.3416547!4d103.9648356!16s%2Fg%2F11bx5q0r0s!19sChIJs6XD7d482jERSe1xuAHuVjY,1.3416875,103.9648125,1,1
Geylang Sports and Recreation Centre,3.3,Sports complex,"601 Aljunied Ave 1, Singapore 389862",389862,,+65 6745 7175,,,,,,,,https://lh5.googleusercontent.com/p/AF1QipPoyXIEeDfWSZBN7vkaZP26um7TCZJ2RdbZvIK8=w408-h306-k-no,https://www.google.com/maps/place/Geylang+Sports+and+Recreation+Centre/data=!4m7!3m6!1s0x31da1823d3922c35:0x890d1bc73acfb0f8!8m2!3d1.3212711!4d103.8880491!16s%2Fg%2F1ptx9jlhs!19sChIJNSyS0yMY2jER-LDPOscbDYk,1.3213125,103.8880625,1,1
Indoor Sports Hall,,Sports complex,"50 Goodman Rd, Singapore 439012",439012,,,8a.m.–10p.m.,8a.m.–10p.m.,8a.m.–10p.m.,8a.m.–10p.m.,8a.m.–10p.m.,8a.m.–10p.m.,8a.m.–10p.m.,https://streetviewpixels-pa.googleapis.com/v1/thumbnail?panoid=ErO7q6hMKdJmY-x4kyUEZg&cb_client=search.gws-prod.gps&w=408&h=240&yaw=8.81258&pitch=0&thumbfov=100,https://www.google.com/maps/place/Indoor+Sports+Hall/data=!4m7!3m6!1s0x31da186a64e86563:0xedd8ddf76575677f!8m2!3d1.3048162!4d103.8922902!16s%2Fg%2F11g6wwnkzf!19sChIJY2XoZGoY2jERf2d1Zffd2O0,1.3048125,103.8923125,1,1
Kallang Water Sports Centre,4,Sports complex,"15 Stadium Rd, Singapore 397718",397718,,,,,,,,,,https://lh5.googleusercontent.com/p/AF1QipPWZW7pYqgfd6mAbjVZHuMMFV1Xc0psvz1E9kcQ=w408-h544-k-no,https://www.google.com/maps/place/Kallang+Water+Sports+Centre/data=!4m7!3m6!1s0x31da18494c27d1f3:0x12e08d4facef29f2!8m2!3d1.303242!4d103.874757!16s%2Fg%2F11fmvkv04q!19sChIJ89EnTEkY2jER8invrE-N4BI,1.3031875,103.8748125,1,2
National Youth Sports Institute (NYSI),4.7,Sports complex,"5D Stadium Ln, Singapore 397778",397778,nysi.org.sg,,9a.m.–8p.m.,9a.m.–8p.m.,9a.m.–8p.m.,9a.m.–8p.m.,9a.m.–8p.m.,Closed,Closed,https://lh5.googleusercontent.com/p/AF1QipMB3CIfWOJM8Bo9KRzb_xPM1_B5aWTBc1mnc7Wo=w408-h725-k-no,https://www.google.com/maps/place/National+Youth+Sports+Institute+(NYSI)/data=!4m7!3m6!1s0x31da19e46b277831:0x9f85d2036721006c!8m2!3d1.304684!4d103.8709652!16s%2Fg%2F11j4v2p2xb!19sChIJMXgna-QZ2jERbAAhZwPShZ8,1.3046875,103.8709375,1,1
ActiveSG Pasir Ris Sport Centre,4.2,Sports complex,"120 Pasir Ris Central, Singapore 519640",519640,https://www.facebook.com/pasirrissc,+65 8517 9604,7a.m.–10p.m.,7a.m.–10p.m.,7a.m.–10p.m.,7a.m.–10p.m.,7a.m.–10p.m.,7a.m.–10p.m.,7a.m.–10p.m.,https://lh5.googleusercontent.com/p/AF1QipMPCowQLmR27WloHnl2wLPFhUe1-vtw_Xf7Amwm=w408-h267-k-no,https://www.google.com/maps/place/ActiveSG+Pasir+Ris+Sport+Centre/data=!4m7!3m6!1s0x31da3db025ad70eb:0xd797a27a7e922c1c!8m2!3d1.3740237!4d103.9514946!16s%2Fg%2F126181hd3!19sChIJ63CtJbA92jERHCySfnqil9c,1.3740625,103.9514375,1,1
Kallang ActiveSG Lawn Bowl,3,Sports complex,"8 Stadium Blvd, Singapore 397724",397724,https://www.myactivesg.com/facilities/kallang-sports-centre,+65 6348 1291,7a.m.–9:30p.m.,7a.m.–9:30p.m.,7a.m.–9:30p.m.,7a.m.–9:30p.m.,7a.m.–9:30p.m.,7a.m.–9:30p.m.,7a.m.–9:30p.m.,https://lh5.googleusercontent.com/p/AF1QipMNRP1T5Vn2MFxsNFN8EN0NFuTBxkvhamkO636e=w408-h306-k-no,https://www.google.com/maps/place/Kallang+ActiveSG+Lawn+Bowl/data=!4m7!3m6!1s0x31da18487d724885:0x5d1b19fa29cca49!8m2!3d1.306516!4d103.8794007!16s%2Fg%2F11cn9fzqgy!19sChIJhUhyfUgY2jERScqcop-x0QU,1.3065625,103.8794375,1,1
Homeground Sports,5,Sports complex,"200 Woodlands Industrial Pk E7, Singapore 757177",757177,https://homegroundsports.sg/,+65 9040 8880,7a.m.–1a.m.,7a.m.–1a.m.,7a.m.–1a.m.,7a.m.–1a.m.,7a.m.–1a.m.,7a.m.–1a.m.,7a.m.–1a.m.,https://lh5.googleusercontent.com/p/AF1QipOIvaHDek40j09am6ubcd-7bZTgoXVeWgGz5adJ=w408-h306-k-no,https://www.google.com/maps/place/Homeground+Sports/data=!4m7!3m6!1s0x31da1396adb78501:0x98d6393e58620811!8m2!3d1.4507083!4d103.7968128!16s%2Fg%2F11s5n5nwvm!19sChIJAYW3rZYT2jEREQhiWD451pg,1.4506875,103.7968125,1,1
Farrer Park ActiveSG Field,4.3,Sports complex,"3 Rutland Rd, Farrer Park, Singapore 218254",218254,myactivesg.com,+65 6299 4166,7a.m.–7p.m.,7a.m.–7p.m.,7a.m.–7p.m.,7a.m.–7p.m.,7a.m.–7p.m.,7a.m.–7p.m.,7a.m.–7p.m.,https://streetviewpixels-pa.googleapis.com/v1/thumbnail?panoid=_wZLn8G8WFI2EcOW3DzMaw&cb_client=search.gws-prod.gps&w=408&h=240&yaw=358.69943&pitch=0&thumbfov=100,https://www.google.com/maps/place/Farrer+Park+ActiveSG+Field/data=!4m7!3m6!1s0x31da1940f4d96a95:0x2563cc89d8b2dde0!8m2!3d1.311185!4d103.849076!16s%2Fg%2F11gk3fw1pz!19sChIJlWrZ9EAZ2jER4N2y2InMYyU,1.3111875,103.8490625,1,2
Kallang ActiveSG Field,4.7,Sports complex,"31 Stadium Cres, Singapore 397639",397639,https://www.myactivesg.com/facilities/kallang-field,+65 6348 1291,7a.m.–5p.m.,7a.m.–5p.m.,7a.m.–5p.m.,7a.m.–5p.m.,7a.m.–5p.m.,12–2:30p.m.,Closed,https://lh5.googleusercontent.com/p/AF1QipM6-PSCmSdAiDteZx_6TE6qIRndRfWL5I67Fbx6=w408-h272-k-no,https://www.google.com/maps/place/Kallang+ActiveSG+Field/data=!4m7!3m6!1s0x31da18463fbae8bb:0x9264717c326636b5!8m2!3d1.3044269!4d103.8808383!16s%2Fm%2F04grl8c!19sChIJu-i6P0YY2jERtTZmMnxxZJI,1.3044375,103.8808125,1,1
Kovan Sports Centre,4.2,Futsal court,"60 Hougang Street 21, Singapore 538738",538738,kovansports.com,+65 6286 0256,9a.m.–10p.m.,9a.m.–10p.m.,9a.m.–10p.m.,9a.m.–10p.m.,9a.m.–10p.m.,9a.m.–10p.m.,9a.m.–10p.m.,https://lh5.googleusercontent.com/p/AF1QipMO6xiFQSsIEzyhPyrmrmmGbCF7ZXeKJzMztmZG=w408-h306-k-no,https://www.google.com/maps/place/Kovan+Sports+Centre/data=!4m7!3m6!1s0x31da17b1333a3f79:0x1976e696833c31d!8m2!3d1.3574544!4d103.8852648!16s%2Fg%2F12m9l3nv_!19sChIJeT86M7EX2jERHcMzaGlulwE,1.3574375,103.8853125,1,1
Toa Payoh South Community Club,4.1,Community center,"1999 Lor 8 Toa Payoh, Singapore 319258",319258,https://tpscc.business.site/?utm_source=gmb&utm_medium=referral,+65 6259 6602,,,,,,,,https://lh5.googleusercontent.com/p/AF1QipP1pZLwUZwQps9pfX9yprQ160Bavgn478UQPp8Z=w426-h240-k-no,https://www.google.com/maps/place/Toa+Payoh+South+Community+Club/data=!4m7!3m6!1s0x31da177a7d259393:0x143d39a418b60ab9!8m2!3d1.3349224!4d103.8593405!16s%2Fg%2F1tc_hn90!19sChIJk5MlfXoX2jERuQq2GKQ5PRQ,1.3349375,103.8593125,1,1
The Cage,4.3,Sports complex,"38 Jln Benaan Kapal, Singapore 399635",399635,thecage.com.sg,+65 6344 9345,Open 24 hours,Open 24 hours,Open 24 hours,Open 24 hours,Open 24 hours,Open 24 hours,Open 24 hours,https://lh5.googleusercontent.com/p/AF1QipOIRa0st2-3rD59C3E9VbBSDPGHXP1a51SFbp2o=w408-h306-k-no,https://www.google.com/maps/place/The+Cage/data=!4m7!3m6!1s0x31da1845e11470a5:0xc7d650a01c19344f!8m2!3d1.3019709!4d103.8797633!16s%2Fg%2F1tqyc012!19sChIJpXAU4UUY2jERTzQZHKBQ1sc,1.3019375,103.8798125,2,2
Jalan Besar Sports Centre multi story carpark,,Sports club,"86 Horne Rd, Singapore 209082",209082,,,,,,,,,,https://streetviewpixels-pa.googleapis.com/v1/thumbnail?panoid=OYiNJqMlIdPiAuUBa0hCBw&cb_client=search.gws-prod.gps&w=408&h=240&yaw=187.92554&pitch=0&thumbfov=100,https://www.google.com/maps/place/Jalan+Besar+Sports+Centre+multi+story+carpark/data=!4m7!3m6!1s0x31da19512ee4b5db:0x149b6733e472caa0!8m2!3d1.3108256!4d103.860382!16s%2Fg%2F11t9vt0j6h!19sChIJ27XkLlEZ2jERoMpy5DNnmxQ,1.3108125,103.8604375,1,1
Jalan Besar Sports Centre,4.2,Sports complex,"100 Tyrwhitt Rd, Singapore 207542",207542,https://www.myactivesg.com/facilities/jalan-besar-sports-centre,+65 6293 9058,,,,,,,,https://lh5.googleusercontent.com/p/AF1QipOghxTM_6LedUshnMMrczrBtxx9yZhmcHHH375P=w408-h306-k-no,https://www.google.com/maps/place/Jalan+Besar+Sports+Centre/data=!4m7!3m6!1s0x31da19c909ec6263:0x95a444dd4b0cb726!8m2!3d1.3100797!4d103.8603154!16zL20vMGZ6bms1!19sChIJY2LsCckZ2jERJrcMS91EpJU,1.3100625,103.8603125,1,1
Teamsport Arena Badminton Court @ Suntec Convention,3.1,Sports complex,"Suntec Convention Centre Hall 601/602, 1 Raffles Blvd, Singapore 039593",039593,https://www.teamsport.sg/,+65 9077 3050,7a.m.–11p.m.,7a.m.–11p.m.,7a.m.–11p.m.,7a.m.–11p.m.,7a.m.–11p.m.,7a.m.–11p.m.,7a.m.–11p.m.,https://lh5.googleusercontent.com/p/AF1QipOUyUNPhF1xhZLLDfWl2vuHcjqA1tWK5HmlK4No=w408-h306-k-no,https://www.google.com/maps/place/Teamsport+Arena+Badminton+Court+@+Suntec+Convention/data=!4m7!3m6!1s0x31da196a27b4d973:0xeebcb838c451d88d!8m2!3d1.2936739!4d103.8572447!16s%2Fg%2F11r_tr2338!19sChIJc9m0J2oZ2jERjdhRxDi4vO4,1.2936875,103.8571875,1,1
Bedok ActiveSG Stadium,4.1,Sports complex,"1 Bedok North Street 2, Singapore 469642",469642,https://www.myactivesg.com/facilities/bedok-stadium,+65 6443 4846,4:30a.m.–9:30p.m.,4:30a.m.–9:30p.m.,4:30a.m.–9:30p.m.,4:30a.m.–9:30p.m.,4:30a.m.–9:30p.m.,4:30a.m.–9:30p.m.,4:30a.m.–9:30p.m.,https://lh5.googleusercontent.com/p/AF1QipPw18mIkWxbq9bvSrzgsVYtavunT6drCl7Ir9GM=w408-h306-k-no,https://www.google.com/maps/place/Bedok+ActiveSG+Stadium/data=!4m7!3m6!1s0x31da3d354b1da6d5:0x82dcd664c0da2208!8m2!3d1.3264714!4d103.9393137!16zL20vMGI1Xzdw!19sChIJ1aYdSzU92jERCCLawGTW3II,1.3264375,103.9393125,1,1
Ceylon Sports Club,4.2,Sports club,"101 Balestier Rd, Singapore 329678",329678,cscsingapore.org.sg,+65 6297 1009,9:30a.m.–11:30p.m.,9:30a.m.–11:30p.m.,9:30a.m.–11:30p.m.,9:30a.m.–11:30p.m.,9:30a.m.–12:30a.m.,9:30a.m.–12:30a.m.,9:30–11:30a.m.,https://lh5.googleusercontent.com/p/AF1QipOMKbZxH3a4OzJRx6so252IQoO-gn0LAdZQnLps=w408-h544-k-no,https://www.google.com/maps/place/Ceylon+Sports+Club/data=!4m7!3m6!1s0x31da19dae84fbbab:0x6f99284dc21bbb1!8m2!3d1.3186457!4d103.8543429!16s%2Fg%2F1v3dpn8y!19sChIJq7tP6NoZ2jERsbsh3ISS-QY,1.3186875,103.8543125,2,1
Kallang ActiveSG Squash Centre,4.6,Squash court,"8 Stadium Blvd, Singapore 397804",397804,https://www.myactivesg.com/facilities/kallang-squash-centre,+65 6348 1291,7a.m.–10p.m.,7a.m.–10p.m.,7a.m.–10p.m.,7a.m.–10p.m.,7a.m.–10p.m.,7a.m.–10p.m.,7a.m.–10p.m.,https://lh5.googleusercontent.com/p/AF1QipOhpnr6KMhnrxq2iIXoU_Z4NNj6eL7hag2xv6rm=w408-h544-k-no,https://www.google.com/maps/place/Kallang+ActiveSG+Squash+Centre/data=!4m7!3m6!1s0x31da1847d57d0f05:0x99aa115f31cea08c!8m2!3d1.3053877!4d103.8796097!16s%2Fg%2F11gf96l4gr!19sChIJBQ991UcY2jERjKDOMV8Rqpk,1.3054375,103.8795625,1,1
Bukit Canberra (Canberra Integrated Hub),3.3,Sports complex,"21 Canberra Link, Singapore 752350",752350,https://bukitcanberra.business.site/?utm_source=gmb&utm_medium=referral,,,,,,,,,https://lh5.googleusercontent.com/p/AF1QipN0JXCq8MLqgEo66s7y4jlDuji7Mns2fGuAPiQi=w426-h240-k-no,https://www.google.com/maps/place/Bukit+Canberra+(Canberra+Integrated+Hub)/data=!4m7!3m6!1s0x31da15cc3669ca5b:0xa2e6a030d90185dc!8m2!3d1.4481823!4d103.82388!16s%2Fg%2F11hybvkst2!19sChIJW8ppNswV2jER3IUB2TCg5qI,1.4481875,103.8239375,1,1
NTU Sports and Recreation Centre Hall W,4.7,University,"110 Nanyang Cres, Singapore 636956",636956,,+65 6790 5169,8:30a.m.–10p.m.,8:30a.m.–10p.m.,8:30a.m.–10p.m.,8:30a.m.–10p.m.,8:30a.m.–10p.m.,9a.m.–6p.m.,9a.m.–6p.m.,https://lh5.googleusercontent.com/p/AF1QipNsFzHQcIp2Eij1TRIYGWYzhKYoajU9LVgJktIU=w426-h240-k-no,https://www.google.com/maps/place/NTU+Sports+and+Recreation+Centre+Hall+W/data=!4m7!3m6!1s0x31da0fa0ffffffff:0xbf10da89fe03af4c!8m2!3d1.3488944!4d103.6894805!16s%2Fg%2F11fxzhk0xn!19sChIJ_____6AP2jERTK8D_onaEL8,1.3489375,103.6894375,1,1
Heartbeat@Bedok ActiveSG Swimming Complex,4.4,Public swimming pool,"11 Bedok North Street 1, Singapore 469662",469662,myactivesg.com,+65 6443 5511,,,,,,,,https://lh5.googleusercontent.com/p/AF1QipNkdPrLNn9hz9zcXKMvJt3vBD5LNX8AoSbql3_a=w408-h544-k-no,https://www.google.com/maps/place/Heartbeat@Bedok+ActiveSG+Swimming+Complex/data=!4m7!3m6!1s0x31da22b5431318d7:0x5f4287d876e4b0a8!8m2!3d1.3271175!4d103.9322493!16s%2Fg%2F11c2l_mcc7!19sChIJ1xgTQ7Ui2jERqLDkdtiHQl8,1.3270625,103.9321875,1,1
KidsCamp Singapore,4.6,Adventure sports center,"170 River Valley Rd, Singapore 179038",179038,https://www.kidscampsingapore.com/,+65 8921 6485,Open 24 hours,Open 24 hours,Open 24 hours,Open 24 hours,Open 24 hours,Open 24 hours,Open 24 hours,https://lh5.googleusercontent.com/p/AF1QipOdOV7tFMWmldOQ39Jl3RDz8MdVKMCZcqwBLg1d=w408-h305-k-no,https://www.google.com/maps/place/KidsCamp+Singapore/data=!4m7!3m6!1s0x31da19a1d09dec65:0xb6a62d8683ad0239!8m2!3d1.2929188!4d103.8445026!16s%2Fg%2F11d_wtjpf4!19sChIJZeyd0KEZ2jEROQKtg4YtprY,1.2929375,103.8445625,2,1
Singapore Indoor Stadium,4.4,Stadium,"2 Stadium Walk, Singapore 397691",397691,https://www.sportshub.com.sg/,+65 6653 8900,,,,,,,,https://lh5.googleusercontent.com/p/AF1QipOE_Mq0Bp3OCIS_1EQXEtsyeSalViImLCT6f1Ku=w408-h306-k-no,https://www.google.com/maps/place/Singapore+Indoor+Stadium/data=!4m7!3m6!1s0x31da184e869a1753:0xf2dbe15cf47ed46c!8m2!3d1.3005709!4d103.874394!16zL20vMGJyNzVm!19sChIJUxeahk4Y2jERbNR-9Fzh2_I,1.3005625,103.8744375,1,1
Kallang Basin ActiveSG Swimming Complex,4,Swimming pool,"23 Geylang Bahru Ln, Singapore 339628",339628,https://www.myactivesg.com/facilities/kallang-basin-swimming-complex,+65 6295 4261,,,,,,,,https://lh5.googleusercontent.com/p/AF1QipMEgjFMUb2gdIl2TWm_1IpE9S4PAiTXzTcSWNde=w408-h306-k-no,https://www.google.com/maps/place/Kallang+Basin+ActiveSG+Swimming+Complex/data=!4m7!3m6!1s0x31da182bbe918961:0x803c3a7a7b9c7efc!8m2!3d1.322795!4d103.8724441!16s%2Fg%2F1tgcpcyy!19sChIJYYmRvisY2jER_H6ce3o6PIA,1.3228125,103.8724375,1,1
Bishan ActiveSG Stadium,4.3,Stadium,"7 Bishan Street 14, Singapore 579784",579784,https://www.myactivesg.com/facilities/bishan-stadium,+65 6352 6631,,,,,,,,https://lh5.googleusercontent.com/p/AF1QipNFnYo6cpSrdryOC8PqOuwge6N1obWm1Zl62kWz=w408-h544-k-no,https://www.google.com/maps/place/Bishan+ActiveSG+Stadium/data=!4m7!3m6!1s0x31da171a03d01de7:0xbb755c74a1ad011d!8m2!3d1.354443!4d103.8515607!16zL20vMGM3MGsx!19sChIJ5x3QAxoX2jERHQGtoXRcdbs,1.3544375,103.8515625,1,2
National Stadium,4.5,Stadium,"1 Stadium Dr, Singapore 397629",397629,https://www.sportshub.com.sg/,+65 6653 8900,,,,,,,,https://lh5.googleusercontent.com/p/AF1QipMhJtrd1lFUqW3jckk0eITLoO8JoD-_PKH21mX2=w408-h306-k-no,https://www.google.com/maps/place/National+Stadium/data=!4m7!3m6!1s0x31da184966f67bcd:0x2d296d925d398f55!8m2!3d1.304013!4d103.8748426!16s%2Fm%2F0h52_2v!19sChIJzXv2ZkkY2jERVY85XZJtKS0,1.3040625,103.8748125,1,2
Hougang ActiveSG Stadium,4.3,Stadium,"100 Hougang Ave 2, Singapore 538856",538856,https://www.myactivesg.com/facilities/hougang-stadium,,,,,,,,,https://lh5.googleusercontent.com/p/AF1QipOVPswzwhdkdH0dlyYFIpiIUqtVUGRozRYDBIPs=w408-h306-k-no,https://www.google.com/maps/place/Hougang+ActiveSG+Stadium/data=!4m7!3m6!1s0x31da164914e9bdd9:0x6225f55570921fa7!8m2!3d1.3695136!4d103.8859787!16zL20vMGM3MGtk!19sChIJ2b3pFEkW2jERpx-ScFX1JWI,1.3695625,103.8859375,1,1
Katong ActiveSG Swimming Complex,4.1,Swimming pool,"111 Wilkinson Rd, Katong Swim Complex, Singapore 436752",436752,https://www.myactivesg.com/facilities/katong-swimming-complex,+65 6344 9609,,,,,,,,https://lh5.googleusercontent.com/p/AF1QipPCDsEXdp_eMKV7C0RMa94YIZ1Yol2fF7VyHbbi=w426-h240-k-no,https://www.google.com/maps/place/Katong+ActiveSG+Swimming+Complex/data=!4m7!3m6!1s0x31da1843ee113f47:0xfcaa8e847da0defb!8m2!3d1.302129!4d103.8861643!16s%2Fg%2F1hc2d5yg1!19sChIJRz8R7kMY2jER-96gfYSOqvw,1.3021875,103.8861875,1,1
Legends Fight Sport Clarke Quay | #1 Boxing Classes Singapore,5,Boxing club,"33a Hongkong St, Singapore 059672",059672,legends.com.sg,+65 6252 3254,7a.m.–9p.m.,9:30a.m.–9p.m.,7a.m.–9p.m.,7a.m.–9p.m.,7a.m.–9p.m.,8a.m.–2:30p.m.,7a.m.–6p.m.,https://lh5.googleusercontent.com/p/AF1QipOONpvy8D1GGB4tuEOTMRowLJs36-bDmuZxBlrY=w426-h240-k-no,https://www.google.com/maps/place/Legends+Fight+Sport+Clarke+Quay+%7C+%231+Boxing+Classes+Singapore/data=!4m7!3m6!1s0x31da190ae3533c5b:0xf5b952c0c3eda123!8m2!3d1.287462!4d103.84716!16s%2Fg%2F11bbrc7nwz!19sChIJWzxT4woZ2jERI6Htw8BSufU,1.2874375,103.8471875,1,1
Serangoon ActiveSG Swimming Complex,4.1,Swimming pool,"35A Yio Chu Kang Rd, Singapore 545552",545552,https://www.myactivesg.com/facilities/serangoon-swimming-complex,+65 6288 4606,,,,,,,,https://lh5.googleusercontent.com/p/AF1QipPDEPc_8u1brj9kFDRB4llvk3Xq2qCUA9J1z0sx=w426-h240-k-no,https://www.google.com/maps/place/Serangoon+ActiveSG+Swimming+Complex/data=!4m7!3m6!1s0x31da17aedacaab17:0xd700deb7b09aa0b8!8m2!3d1.3572138!4d103.8746754!16s%2Fg%2F1hf0lfc8r!19sChIJF6vK2q4X2jERuKCasLfeANc,1.3571875,103.8746875,1,1
Klassic Cuesports Pte. Ltd.,4.2,Pool hall,"1 Jln Berseh, #02-02 New World Centre, Singapore 209037",209037,https://m.facebook.com/login.php?next=https%3A%2F%2Fm.facebook.com%2FKlassicClubPage%2F%3Flocale2%3Dzh_CN&refsrc=deprecated&locale2=zh_CN&_rdr,+65 6341 5066,10a.m.–4a.m.,10a.m.–4a.m.,10a.m.–4a.m.,10a.m.–4a.m.,10a.m.–4a.m.,10a.m.–4a.m.,10a.m.–4a.m.,https://lh5.googleusercontent.com/p/AF1QipPpis9hxllO6QIC21wGD5XlzcUr_M39UqQsQWtm=w408-h723-k-no,https://www.google.com/maps/place/Klassic+Cuesports+Pte.+Ltd./data=!4m7!3m6!1s0x31da19b7e39e63d3:0x94dfafa3d538910!8m2!3d1.3071416!4d103.8576949!16s%2Fg%2F1tcv8dr4!19sChIJ02Oe47cZ2jEREIlTPfr6TQk,1.3071875,103.8576875,1,1
Hougang ActiveSG Swimming Complex,4.1,Swimming facility,"95 Hougang Ave 4, Singapore 538830",538830,https://www.myactivesg.com/facilities/hougang-swimming-complex,+65 6386 5010,,,,,,,,https://lh5.googleusercontent.com/p/AF1QipPZ8xPgnXmenLj_nA7C-_A2HMg1ez7W517dpv53=w408-h306-k-no,https://www.google.com/maps/place/Hougang+ActiveSG+Swimming+Complex/data=!4m7!3m6!1s0x31da1649165aec3b:0x6e799e575ccbcafe!8m2!3d1.3700563!4d103.886985!16s%2Fg%2F125_tynvc!19sChIJO-xaFkkW2jER_srLXFeeeW4,1.3700625,103.8869375,1,1
Yio Chu Kang ActiveSG Swimming Complex,4,Swimming pool,"202 Ang Mo Kio Ave 9, Singapore 569771",569771,https://www.myactivesg.com/facilities/yio-chu-kang-swimming-complex,+65 6481 9054,,,,,,,,https://lh5.googleusercontent.com/p/AF1QipPJnYYfjGa5EaiLdZfaGD6BZbkT8wabiE1iiVJA=w408-h544-k-no,https://www.google.com/maps/place/Yio+Chu+Kang+ActiveSG+Swimming+Complex/data=!4m7!3m6!1s0x31da16eab8fe412b:0x39c084bbaed98110!8m2!3d1.3816812!4d103.8465583!16s%2Fg%2F1tj_2rys!19sChIJK0H-uOoW2jEREIHZrruEwDk,1.3816875,103.8465625,1,1
Nee Soon South CC,4,Community center,"30 Yishun Street 81, Singapore 768455",768455,,+65 6753 3121,2–6p.m.,2–6p.m.,2–6p.m.,2–6p.m.,2–6p.m.,2–6p.m.,2–6p.m.,https://lh5.googleusercontent.com/p/AF1QipOSMUHSdd0kPB3qpdBu3tQ_riNJSjCBcl30VigN=w426-h240-k-no,https://www.google.com/maps/place/Nee+Soon+South+CC/data=!4m7!3m6!1s0x31da14119aaaaaab:0xe5a3c450e83421d3!8m2!3d1.4149818!4d103.8350618!16s%2Fg%2F1hc0r6_4_!19sChIJq6qqmhEU2jER0yE06FDEo-U,1.4149375,103.8350625,1,1
Singapore Cricket Club,4.5,Cricket club,"A Connaught Dr, Singapore 179681",179681,scc.org.sg,+65 6338 9271,11a.m.–11p.m.,11a.m.–11p.m.,11a.m.–11p.m.,11a.m.–11p.m.,11a.m.–11p.m.,11a.m.–11p.m.,11a.m.–10p.m.,https://lh5.googleusercontent.com/p/AF1QipPFHcN7F4DcBMwPF08Yt-1vZ6O1QhJfNpO_jg0m=w408-h306-k-no,https://www.google.com/maps/place/Singapore+Cricket+Club/data=!4m7!3m6!1s0x31da1909dfc489eb:0x7872159f7ecb616f!8m2!3d1.2888541!4d103.8520304!16s%2Fg%2F1tjgm35j!19sChIJ64nE3wkZ2jERb2HLfp8Vcng,1.2888125,103.8520625,1,1
SIA Sports Club,4.3,Sports complex,"726 Upper Changi Rd E, Singapore 486046",486046,https://www.siasportsclub.sg/,+65 6214 8168,9a.m.–1a.m.,9a.m.–1a.m.,9a.m.–1a.m.,9a.m.–1a.m.,9a.m.–1a.m.,9a.m.–1a.m.,9a.m.–12a.m.,https://lh5.googleusercontent.com/p/AF1QipOfrJb__yaNgWk6_rDK5rFp94HpYrayxO85h9eM=w408-h306-k-no,https://www.google.com/maps/place/SIA+Sports+Club/data=!4m7!3m6!1s0x31da3cde2252097f:0x787ca3d9b33f26ef!8m2!3d1.3446431!4d103.9647392!16s%2Fg%2F1td1rzvd!19sChIJfwlSIt482jER7yY_s9mjfHg,1.3446875,103.9646875,1,1
NSRCC Sea Sports Centre,4.3,Adventure sports center,"11 Changi Coast Walk, Singapore 499740",499740,,+65 6445 5108,,,,,,,,https://lh5.googleusercontent.com/p/AF1QipPsejvhyIYeYYnVJuAl_OYD9tGFOu6qVS-8ij5c=w408-h306-k-no,https://www.google.com/maps/place/NSRCC+Sea+Sports+Centre/data=!4m7!3m6!1s0x31da239b1556cd23:0x2971b4601700744!8m2!3d1.3162671!4d103.9775545!16s%2Fg%2F11f60y3jdm!19sChIJI81WFZsj2jERRAdwAUYblwI,1.3163125,103.9775625,1,1
Lower Seletar Water Sports Centre (Managed by Camelot Pte Ltd),4.6,Adventure sports center,"100 Yishun Ave 1, Lower Seletar Water Sports Centre, Singapore 769140",769140,adventure.camelotsg.biz,+65 9154 9424,Closed,9a.m.–5p.m.,9a.m.–5p.m.,Closed,9a.m.–5p.m.,8a.m.–6p.m.,8a.m.–6p.m.,https://lh5.googleusercontent.com/p/AF1QipP0fAHa0wxlKl6fWaMq0_vH_BHgvUkJHA3aDU0q=w408-h275-k-no,https://www.google.com/maps/place/Lower+Seletar+Water+Sports+Centre+(Managed+by+Camelot+Pte+Ltd)/data=!4m7!3m6!1s0x31da15f2ea52d79b:0x4c3b6249157b3247!8m2!3d1.4098996!4d103.8320025!16s%2Fg%2F11jdyxltvq!19sChIJm9dS6vIV2jERRzJ7FUliO0w,1.4099375,103.8320625,1,1
Tampines Sports Hall,4.5,Sports complex,"505 Tampines Ave 5, Singapore 529652",529652,,+65 6340 3636,,,,,,,,https://lh5.googleusercontent.com/p/AF1QipOEsPD2xPdKkH3gHqXu56V_dveattYfXoN51Qc1=w408-h306-k-no,https://www.google.com/maps/place/Tampines+Sports+Hall/data=!4m7!3m6!1s0x31da3d127f80ebcf:0xf43ca5ec73106d65!8m2!3d1.3530231!4d103.93942!16zL20vMGM3MGxm!19sChIJz-uAfxI92jERZW0Qc-ylPPQ,1.3530625,103.9394375,1,1
ALLY Singapore,4.6,Fitness center,"8 Cross St, #02-01/02 Manulife Tower, Singapore 048424",048424,https://ally.family/,+65 6518 9588,7a.m.–9:30p.m.,7a.m.–9:30p.m.,7a.m.–9:30p.m.,7a.m.–9:30p.m.,7a.m.–9:30p.m.,8:30a.m.–6:30p.m.,8a.m.–4:30p.m.,https://lh5.googleusercontent.com/p/AF1QipM5Yl-JXZ3oQX0U9uomoL6X-SjSa2bmctHkXR8d=w408-h254-k-no,https://www.google.com/maps/place/ALLY+Singapore/data=!4m7!3m6!1s0x31da19a6e7cc7e69:0x710968c5e944213d!8m2!3d1.2824439!4d103.8490256!16s%2Fg%2F11js5v7_4q!19sChIJaX7M56YZ2jERPSFE6cVoCXE,1.2824375,103.8490625,1,2
The Arena @ Keat Hong,4.8,Basketball court,"428 Choa Chu Kang Ave 4, Block 428, Singapore 680428",680428,https://ownyourcourt.com/courts/the-arena-keat-hong/,,Open 24 hours,Open 24 hours,Open 24 hours,Open 24 hours,Open 24 hours,Open 24 hours,Open 24 hours,https://lh5.googleusercontent.com/p/AF1QipODyfDQ9Q4IQiSNvGw_aGWFrBWMdfGCcb1t4Wc=w408-h306-k-no,https://www.google.com/maps/place/The+Arena+@+Keat+Hong/data=!4m7!3m6!1s0x31da117ec385d025:0xfd1177da8a39267f!8m2!3d1.3810899!4d103.7403747!16s%2Fg%2F11s35nh217!19sChIJJdCFw34R2jERfyY5itp3Ef0,1.3810625,103.7403125,1,1
Serangoon Stadium,4.1,Stadium,"33 Yio Chu Kang Rd, Singapore 545677",545677,https://www.myactivesg.com/facilities/serangoon-stadium,+65 6288 0086,,,,,,,,https://lh5.googleusercontent.com/p/AF1QipPuwpBeppIhpBSH3eShEcO7o6ZkX4GXwqKyUcjk=w408-h306-k-no,https://www.google.com/maps/place/Serangoon+Stadium/data=!4m7!3m6!1s0x31da17af239b223b:0xfaefaa3bb638cd0c!8m2!3d1.3559496!4d103.8748874!16s%2Fm%2F02qzt2k!19sChIJOyKbI68X2jERDM04tjuq7_o,1.3559375,103.8749375,,
Ang Mo Kio ActiveSG Swimming Complex,4,Swimming pool,"1771 Ang Mo Kio Ave 1, Singapore 569978",569978,https://www.myactivesg.com/facilities/ang-mo-kio-swimming-complex,+65 6456 6821,,,,,,,,https://lh5.googleusercontent.com/p/AF1QipMjoXkRLZSLtKI3ipVHnZIekJznV4uRMymxCiWI=w408-h306-k-no,https://www.google.com/maps/place/Ang+Mo+Kio+ActiveSG+Swimming+Complex/data=!4m7!3m6!1s0x31da16e7a0a59a75:0x6d6f633031b4ea7c!8m2!3d1.3632171!4d103.8499216!16s%2Fg%2F1vg_4tds!19sChIJdZqloOcW2jERfOq0MTBjb20,1.3631875,103.8499375,,
Kallang ActiveSG Netball Centre,4.1,Netball club,"6 Stadium Blvd, Singapore 397797",397797,https://www.myactivesg.com/facilities/kallang-netball-centre,+65 6348 1291,7a.m.–10p.m.,7a.m.–10p.m.,7a.m.–10p.m.,7a.m.–10p.m.,7a.m.–10p.m.,7a.m.–10p.m.,7a.m.–10p.m.,https://lh5.googleusercontent.com/p/AF1QipM_B8kzBkmwOmfcGXfEhm9Ilwkmc0CtO_-wB7u5=w426-h240-k-no,https://www.google.com/maps/place/Kallang+ActiveSG+Netball+Centre/data=!4m7!3m6!1s0x31da1847d860a681:0xaacb079a66349bb3!8m2!3d1.3058075!4d103.8797791!16s%2Fg%2F1wrt9ckl!19sChIJgaZg2EcY2jERs5s0ZpoHy6o,1.3058125,103.8798125,,
Amped Trampoline Park - River Valley,4.4,Recreation center,"46 Kim Yam Road (The Herencia Level 2 (Sports Hall, Singapore 239351",239351,ampedsingapore.com,+65 8228 5961,10a.m.–7p.m.,10a.m.–7p.m.,10a.m.–7p.m.,10a.m.–7p.m.,10a.m.–7p.m.,10a.m.–7p.m.,10a.m.–7p.m.,https://lh5.googleusercontent.com/p/AF1QipOUhXdmp2aDyElsy5RYV7EsLvdJAYOxs8TPZAY=w426-h240-k-no,https://www.google.com/maps/place/Amped+Trampoline+Park+-+River+Valley/data=!4m7!3m6!1s0x31da199c276fa7a3:0xc8631e818f9e8069!8m2!3d1.2929128!4d103.8388437!16s%2Fg%2F1pp2tk5rz!19sChIJo6dvJ5wZ2jERaYCej4EeY8g,1.2929375,103.8388125,,
THE CHEVRONS,4.2,Recreation center,"48 Boon Lay Way, Singapore 609961",609961,https://www.chevrons.org.sg/,+65 6668 8888,9a.m.–12a.m.,9a.m.–12a.m.,9a.m.–12a.m.,9a.m.–12a.m.,9a.m.–1a.m.,9a.m.–1a.m.,9a.m.–12a.m.,https://lh5.googleusercontent.com/p/AF1QipPkYDacqJalmmO_SEpJFah_c2f6WeXsXc1_jk3g=w408-h271-k-no,https://www.google.com/maps/place/THE+CHEVRONS/data=!4m7!3m6!1s0x31da100b998017c5:0x621085fdcdd35f8f!8m2!3d1.3308638!4d103.7484096!16s%2Fg%2F11b5pk61q0!19sChIJxReAmQsQ2jERj1_Tzf2FEGI,1.3308125,103.7484375,,
Bedok Sports Hall,3.6,Sports complex,"3 Bedok North Street 2, Singapore 469643",469643,,+65 9012 1086,8a.m.–10p.m.,8a.m.–10p.m.,8a.m.–10p.m.,8a.m.–10p.m.,8a.m.–10p.m.,7:30a.m.–9:30p.m.,7:30a.m.–9:30p.m.,https://lh5.googleusercontent.com/p/AF1QipOrLTleGhsap_BZ-IadWGyUJlWbC_jKteuBdBFM=w408-h306-k-no,https://www.google.com/maps/place/Bedok+Sports+Hall/data=!4m7!3m6!1s0x31da3d678828a48d:0xeb0adc622d54eede!8m2!3d1.326575!4d103.937797!16s%2Fg%2F11gh6wct87!19sChIJjaQoiGc92jER3u5ULWLcCus,1.3265625,103.9378125,,
Sports Hall,4.3,Sports complex,"15 Woodlands Ave 9, Singapore 738967",738967,,,7a.m.–10p.m.,7a.m.–10p.m.,7a.m.–10p.m.,7a.m.–10p.m.,7a.m.–10p.m.,7a.m.–10p.m.,7a.m.–10p.m.,https://lh5.googleusercontent.com/p/AF1QipOv0CYS8cDkjHUpe4T80m-AWxsilxG-2UOZj2A0=w408-h306-k-no,https://www.google.com/maps/place/Sports+Hall/data=!4m7!3m6!1s0x31da13044bf747b5:0x3893794ba2a60e6c!8m2!3d1.4456348!4d103.7836433!16s%2Fg%2F11f3zx03gh!19sChIJtUf3SwQT2jERbA6mokt5kzg,1.4456875,103.7836875,,
SMRT Recreation Club,4.1,Recreation center,"3 Bishan Street 14, Singapore 579780",579780,https://m.facebook.com/login.php?next=https%3A%2F%2Fm.facebook.com%2Fclubjulybishan%2F&refsrc=deprecated&_rdr,,7a.m.–9p.m.,7a.m.–9p.m.,7a.m.–9p.m.,7a.m.–9p.m.,7a.m.–9p.m.,7a.m.–9p.m.,7a.m.–9p.m.,https://lh5.googleusercontent.com/p/AF1QipNpF1ur0QQn8OYBfDRdJ1UwkZ-G1QLz8a65SiWS=w408-h307-k-no,https://www.google.com/maps/place/SMRT+Recreation+Club/data=!4m7!3m6!1s0x31da1719fbfedcbb:0x6e840e0047813659!8m2!3d1.354855!4d103.8503973!16s%2Fg%2F1tgj6bp1!19sChIJu9z--xkX2jERWTaBRwAOhG4,1.3548125,103.8504375,,
Bukit Canberra ActiveSG Sports Hall,4.5,Sports complex,"341 Old Nelson Rd, Singapore 758694",758694,,,7a.m.–10p.m.,7a.m.–10p.m.,7a.m.–10p.m.,7a.m.–10p.m.,7a.m.–10p.m.,7a.m.–10p.m.,7a.m.–10p.m.,https://lh5.googleusercontent.com/p/AF1QipNXYtB6JwnJ2MSZaJyVVrDqkyIKWHU4mB-ShqdC=w408-h253-k-no,https://www.google.com/maps/place/Bukit+Canberra+ActiveSG+Sports+Hall/data=!4m7!3m6!1s0x31da15606c3c2107:0x3dc04436e21f8078!8m2!3d1.448862!4d103.8237479!16s%2Fg%2F11t6yp0t01!19sChIJByE8bGAV2jEReIAf4jZEwD0,1.44875,103.82375,,
Kaki Bukit Recreation Center,3.9,Recreation center,"7 Kaki Bukit Ave 3, Singapore 415814",415814,,,8:30a.m.–5p.m.,8:30a.m.–5p.m.,8:30a.m.–5p.m.,8:30a.m.–5p.m.,8:30a.m.–5p.m.,8:30a.m.–1p.m.,Closed,https://lh5.googleusercontent.com/p/AF1QipOgF3lu0MjgJ1q3XrvfmKGDu8ExPDFgX0O4rBED=w408-h544-k-no,https://www.google.com/maps/place/Kaki+Bukit+Recreation+Center/data=!4m7!3m6!1s0x31da17e4ee4e5045:0x8d0e38ff416c5e6e!8m2!3d1.33753!4d103.9059665!16s%2Fg%2F11b62zv09f!19sChIJRVBO7uQX2jERbl5sQf84Do0,1.3375625,103.9059375,,
Yishun Swimming Complex,4,Swimming pool,"351 Yishun Ave 3, Singapore 769057",769057,https://www.myactivesg.com/facilities/yishun-swimming-complex,+65 6752 5513,,,,,,,,https://lh5.googleusercontent.com/p/AF1QipOutk_Ah9gBY5plOaR6ziSouJZ_Qm7IXAaNDqqq=w408-h306-k-no,https://www.google.com/maps/place/Yishun+Swimming+Complex/data=!4m7!3m6!1s0x31da146d926a4c2b:0xb5e53da2be644dc4!8m2!3d1.4232449!4d103.833608!16s%2Fg%2F1vl9n_rs!19sChIJK0xqkm0U2jERxE1kvqI95bU,1.4231875,103.8335625,,
Sports @ Buona Vista,4.5,Basketball court,"115A Commonwealth Dr, Singapore 149596",149596,,,"10a.m.–2p.m., 5–8p.m.","10a.m.–2p.m., 5–8p.m.","10a.m.–2p.m., 5–8p.m.","10a.m.–2p.m., 5–8p.m.","10a.m.–2p.m., 5–8p.m.","10a.m.–2p.m., 5–8p.m.","10a.m.–2p.m., 5–8p.m.",https://lh5.googleusercontent.com/p/AF1QipMNktu6clxHxD8p_gmGOLh0siDI_VxPixqQ-Qkq=w408-h306-k-no,https://www.google.com/maps/place/Sports+@+Buona+Vista/data=!4m7!3m6!1s0x31da1b5c1abb7f83:0x3eb43e8650a8ef03!8m2!3d1.3056175!4d103.7986059!16s%2Fg%2F11pf0crs0y!19sChIJg3-7Glwb2jERA--oUIY-tD4,1.3055625,103.7985625,,
Yio Chu Kang ActiveSG Stadium,4.1,Stadium,"3000 Ang Mo Kio Ave 8, Yio Chu Kang MRT Station, Singapore 569813",569813,https://www.myactivesg.com/facilities/yio-chu-kang-stadium,+65 6482 4980,,,,,,,,https://lh5.googleusercontent.com/p/AF1QipOR5UwpeWkP060qbeUzquvQZ0V5Ps1KoYvdkFPH=w408-h306-k-no,https://www.google.com/maps/place/Yio+Chu+Kang+ActiveSG+Stadium/data=!4m7!3m6!1s0x31da16eaa1a55555:0xdec086d50ca17a5c!8m2!3d1.3833112!4d103.8464043!16s%2Fm%2F02qzt7c!19sChIJVVWloeoW2jERXHqhDNWGwN4,1.3833125,103.8464375,,
Eunos Community Club,3.8,Community center,"180 Bedok Reservoir Rd, Singapore 479220",479220,https://www.facebook.com/EunosCommunityClub/,+65 6448 6971,10a.m.–6p.m.,10a.m.–6p.m.,10a.m.–6p.m.,10a.m.–6p.m.,10a.m.–6p.m.,10a.m.–6p.m.,10a.m.–6p.m.,https://lh5.googleusercontent.com/p/AF1QipO9n7bK7HqF-XzJZydi_F__Mnnj2ntDhxhOID9r=w408-h273-k-no,https://www.google.com/maps/place/Eunos+Community+Club/data=!4m7!3m6!1s0x31da3d563003fbf7:0xf9a4c4ecf85a56ea!8m2!3d1.332661!4d103.915199!16s%2Fg%2F1tq4nmhm!19sChIJ9_sDMFY92jER6lZa-OzEpPk,1.3326875,103.9151875,,
Marymount Community Club,3.9,Community center,"191 Sin Ming Ave, Singapore 575738",575738,https://www.pa.gov.sg/our-network/community-clubs/locate-cc/detail/Marymount-Community-Club,+65 6451 5955,10a.m.–6p.m.,10a.m.–6p.m.,10a.m.–6p.m.,10a.m.–6p.m.,10a.m.–6p.m.,10a.m.–6p.m.,10a.m.–6p.m.,https://lh5.googleusercontent.com/p/AF1QipOET1iwIWbPNN8RgIGb06M5Wy0ds0BL3ed-XZi7=w408-h306-k-no,https://www.google.com/maps/place/Marymount+Community+Club/data=!4m7!3m6!1s0x31da1718badc101f:0x821c4c8a86d12cbf!8m2!3d1.3613317!4d103.8415004!16s%2Fg%2F1tj_2rzy!19sChIJHxDcuhgX2jERvyzRhopMHII,1.3613125,103.8415625,,
Kaki Bukit Community Centre,4,Community center,"670 Bedok North Street 3, Singapore 469627",469627,https://www.pa.gov.sg/our-network/community-clubs/Locate-CC/detail/Kaki-Bukit-Community-Centre,+65 6445 4223,10a.m.–6p.m.,10a.m.–6p.m.,10a.m.–6p.m.,10a.m.–6p.m.,10a.m.–6p.m.,10a.m.–6p.m.,10a.m.–6p.m.,https://lh5.googleusercontent.com/p/AF1QipOKiH-_76LCIbrJxtcQOXMcYjwcdfBGm-V41wZM=w408-h306-k-no,https://www.google.com/maps/place/Kaki+Bukit+Community+Centre/data=!4m7!3m6!1s0x31da3d4fc92077f1:0x7cdf8f93602cd81b!8m2!3d1.3332661!4d103.9267647!16s%2Fg%2F1tfsqddt!19sChIJ8XcgyU892jERG9gsYJOP33w,1.3333125,103.9268125,,
"Aquatic Life Support Group, Asia",,Aquatic centre,"111 North Bridge Rd, #08-27 Peninsula Plaza, Singapore 179098",179098,https://www.promedusa.us/water-treatment-ozone.html,+65 6836 9665,9a.m.–5p.m.,9a.m.–5p.m.,9a.m.–5p.m.,9a.m.–5p.m.,9a.m.–5p.m.,Closed,Closed,https://lh5.googleusercontent.com/p/AF1QipNEBYxZiczmYGrXEOoGuR-8m-ZT5u8kP6W-P9Tj=w426-h240-k-no,"https://www.google.com/maps/place/Aquatic+Life+Support+Group,+Asia/data=!4m7!3m6!1s0x31da19bb277ea919:0x750f7d6a386de7e3!8m2!3d1.2923407!4d103.8508826!16s%2Fg%2F11f3_xzyv6!19sChIJGal-J7sZ2jER4-dtOGp9D3U",1.2923125,103.8509375,,
Woodlands Stadium,4.3,Stadium,"1 Woodlands Street 13, Singapore 738597",738597,m.facebook.com,+65 6269 3892,,,,,,,,https://lh5.googleusercontent.com/p/AF1QipNfE_mnmvHXWzeBBDMsc2i2kw_rc7ISmQ5TZVtj=w408-h272-k-no,https://www.google.com/maps/place/Woodlands+Stadium/data=!4m7!3m6!1s0x31da13abf9bdfadb:0xdffd7a332d0c82cb!8m2!3d1.4349828!4d103.7803127!16zL20vMGM3MG1n!19sChIJ2_q9-asT2jERy4IMLTN6_d8,1.4349375,103.7803125,,
Kranji Recreation Centre,4.4,Recreation center,"11 Kranji Close, Singapore 737673",737673,,+65 6369 0135,8a.m.–12a.m.,8a.m.–12a.m.,8a.m.–12a.m.,8a.m.–12a.m.,8a.m.–12a.m.,8a.m.–12a.m.,8a.m.–12a.m.,https://lh5.googleusercontent.com/p/AF1QipMFA0ymjLV7Uzpz1PGNnCB_O_faqy-idDVF9JlD=w408-h305-k-no,https://www.google.com/maps/place/Kranji+Recreation+Centre/data=!4m7!3m6!1s0x31da1242b01badc5:0xcb0d7265b2f69bde!8m2!3d1.4290845!4d103.7528584!16s%2Fg%2F11hbg9jl97!19sChIJxa0bsEIS2jER3pv2smVyDcs,1.4290625,103.7528125,,
Swimming Pool @ Paradox Singapore,5,Outdoor swimming pool,"20 Merchant Rd, Singapore 058281",058281,,,,,,,,,,https://lh5.googleusercontent.com/p/AF1QipPTfv31ED1a6Ll7c0KmBIv8p7TPEQkvIxX09Ad9=w408-h306-k-no,https://www.google.com/maps/place/Swimming+Pool+@+Paradox+Singapore/data=!4m7!3m6!1s0x31da19a9420d9aed:0xf0ea6f951f80859e!8m2!3d1.2887138!4d103.8456287!16s%2Fg%2F11gmf9f4sp!19sChIJ7ZoNQqkZ2jERnoWAH5Vv6vA,1.2886875,103.8456875,,